{
  "target": "attendance_change",
  "n_obs": 60,
  "r_squared": 0.7941606555004134,
  "r_squared_adj": 0.5502029138712736
}