{
  "roc_auc": 1.0,
  "accuracy": 0.9833333333333333,
  "precision": 0.8571428571428571,
  "recall": 1.0,
  "f1": 0.9230769230769231,
  "threshold": 0.5
}