{
  "roc_auc": 0.8571428571428572,
  "accuracy": 0.9333333333333333,
  "precision": 0.0,
  "recall": 0.0,
  "f1": 0.0,
  "threshold": 0.5,
  "n_train": 45,
  "n_test": 15
}