{
  "r2": 0.3060854070097807,
  "mae": 0.10564205438866686,
  "n_train": 45,
  "n_test": 15
}